[
    {
        "camId": "5",
        "camStr": "",
        "func": [
            "xunjian"
        ],
        "funcConf": {
            "xunjian": {
                "area": null,
                "interval": 1,
				"periods":[
					{"hour": [[0, 720], [720, 1440]], "week": "1"}, 
					{"hour": [[0, 720], [720, 1440]], "week": "2"}, 
					{"hour": [[0, 720], [720, 1440]], "week": "3"}, 
					{"hour": [[0, 720], [720, 1440]], "week": "4"}, 
					{"hour": [[0, 720], [720, 1440]], "week": "5"}, 
					{"hour": [[0, 720], [720, 1440]], "week": "6"}, 
					{"hour": [[0, 720], [720, 1440]], "week": "7"}
				],
			   "types":["oiling_machine_open"]
            }

        }
    },
    {
        "camId": "23",
        "camStr": "",
        "func": [
            "xunjian"
        ],
        "funcConf": {
            "xunjian": {
                "area": null,
                "interval": 1,
				"types":["manhole_shaft"]
            }
        }
    },
	    {
        "camId": "64",
        "camStr": "rtsp://admin:HON123well!@192.168.1.100:554/media/1/1",
        "func": [
            "helmet"
        ],
        "funcConf": {

            "helmet": {
                "area": null,
                "interval": 0
            }
        }
    }
]